Order ID,Order Date,CustomerName,Email,City,Province
SI-26055,10/03/2024,Abdullah,abdullah2029@gmail.com,Multan,Panjab
SI-25993,03/02/2024,Muhammad,muhammad1266@gmail.com,Ziarat,Balochistan
SI-25973,24/01/2024,Ahmed,ahmed641@gmail.com,Umar kot,Sindh
SI-25923,27/12/2024,Ali,ali1243@gmail.com,Karachi,Sindh
SI-25757,21/08/2024,Hassan,hassan631@gmail.com,Pishin,Balochistan
SI-25967,21/01/2024,Hussain,hussain766@gmail.com,Peshawar,Khyber Pakhtunkhwa
SI-25955,16/01/2024,Umar,umar1000@gmail.com,Nowshera,Khyber Pakhtunkhwa
SI-26093,27/03/2024,Usman,usman916@gmail.com,Lahore,Panjab
SI-25798,01/10/2024,Abu Bakar,abu bakar2059@gmail.com,Attock,Panjab
SI-25602,01/04/2024,Khalid,khalid980@gmail.com,Karachi,Sindh
SI-25858,13/11/2024,Hamza,hamza312@gmail.com,Pishin,Balochistan
SI-25969,21/01/2024,Saad,saad1919@gmail.com,Ziarat,Balochistan
SI-26099,30/03/2024,Salman,salman1362@gmail.com,Quetta,Balochistan
SI-25997,04/02/2024,Bilal,bilal1080@gmail.com,Pishin,Balochistan
SI-25881,25/11/2024,Zubair,zubair2274@gmail.com,Jhang,Panjab
SI-25761,25/08/2024,Talha,talha2358@gmail.com,Umar kot,Sindh
SI-25887,01/12/2024,Anas,anas2281@gmail.com,Quetta,Balochistan
SI-25823,18/10/2024,Imran,imran98@gmail.com,Pishin,Balochistan
SI-25853,08/11/2024,Yousaf,yousaf444@gmail.com,Mardan,Khyber Pakhtunkhwa
SI-25862,15/11/2024,Ibrahim,ibrahim1876@gmail.com,Umar kot,Sindh
SI-25830,26/10/2024,Ismail,ismail170@gmail.com,Umar kot,Sindh
SI-25786,19/09/2024,Ishaq,ishaq1883@gmail.com,Pishin,Balochistan
SI-25686,11/06/2024,Dawood,dawood1998@gmail.com,Umar kot,Sindh
SI-26022,18/02/2024,Musa,musa1121@gmail.com,Attock,Panjab
SI-26003,08/02/2024,Haroon,haroon1349@gmail.com,Attock,Panjab
SI-25755,19/08/2024,Yunus,yunus1649@gmail.com,Ziarat,Balochistan
SI-25902,10/12/2024,Zakariya,zakariya1260@gmail.com,Attock,Panjab
SI-25935,04/01/2024,Ilyas,ilyas2072@gmail.com,Karachi,Sindh
SI-25797,30/09/2024,Yahya,yahya549@gmail.com,Lahore,Panjab
SI-25639,27/04/2024,Shoaib,shoaib871@gmail.com,Mianwali,Panjab
SI-25681,04/06/2024,Ahsan,ahsan2019@gmail.com,Pishin,Balochistan
SI-25909,13/12/2024,Noman,noman330@gmail.com,Quetta,Balochistan
SI-25910,14/12/2024,Shahid,shahid2002@gmail.com,Swat,Khyber Pakhtunkhwa
SI-25950,13/01/2024,Junaid,junaid701@gmail.com,Swat,Khyber Pakhtunkhwa
SI-25613,12/04/2024,Shahrukh,shahrukh2112@gmail.com,Mianwali,Panjab
SI-25919,23/12/2024,Faisal,faisal818@gmail.com,Umar kot,Sindh
SI-25768,01/09/2024,Kamran,kamran155@gmail.com,Mianwali,Panjab
SI-25629,24/04/2024,Kashif,kashif2405@gmail.com,Peshawar,Khyber Pakhtunkhwa
SI-25729,22/07/2024,Zeeshan,zeeshan2463@gmail.com,Pishin,Balochistan
SI-25943,09/01/2024,Farhan,farhan718@gmail.com,Peshawar,Khyber Pakhtunkhwa
SI-25842,02/11/2024,Danish,danish725@gmail.com,Swat,Khyber Pakhtunkhwa
SI-26073,21/03/2024,Adeel,adeel733@gmail.com,Mianwali,Panjab
SI-25778,11/09/2024,Arsalan,arsalan59@gmail.com,Multan,Panjab
SI-25717,12/07/2024,Fahad,fahad2520@gmail.com,Mardan,Khyber Pakhtunkhwa
SI-26085,26/03/2024,Naveed,naveed980@gmail.com,Lahore,Panjab
SI-26048,04/03/2024,Khalil,khalil1480@gmail.com,Umar kot,Sindh
SI-25793,24/09/2024,Azhar,azhar2007@gmail.com,Quetta,Balochistan
SI-25656,11/05/2024,Sarfaraz,sarfaraz289@gmail.com,Faisalabad,Panjab
SI-25608,08/04/2024,Shahbaz,shahbaz2210@gmail.com,Jhang,Panjab
SI-25752,14/08/2024,Rizwan,rizwan2297@gmail.com,Multan,Panjab
SI-25779,12/09/2024,Ayesha,ayesha923@gmail.com,Quetta,Balochistan
SI-25603,03/04/2024,Fatima,fatima963@gmail.com,Peshawar,Khyber Pakhtunkhwa
SI-26051,07/03/2024,Khadija,khadija2543@gmail.com,Peshawar,Khyber Pakhtunkhwa
SI-25653,08/05/2024,Zainab,zainab235@gmail.com,Quetta,Balochistan
SI-25855,08/11/2024,Hafsa,hafsa1572@gmail.com,Mianwali,Panjab
SI-25762,26/08/2024,Maryam,maryam889@gmail.com,Faisalabad,Panjab
SI-25995,04/02/2024,Asma,asma2349@gmail.com,Faisalabad,Panjab
SI-25929,02/01/2024,Sara,sara1687@gmail.com,Ziarat,Balochistan
SI-26006,09/02/2024,Hina,hina456@gmail.com,Swat,Khyber Pakhtunkhwa
SI-25697,22/06/2024,Sana,sana544@gmail.com,Pishin,Balochistan
SI-25836,29/10/2024,Iqra,iqra1043@gmail.com,Umar kot,Sindh
SI-25601,01/04/2024,Rabia,rabia2467@gmail.com,Nowshera,Khyber Pakhtunkhwa
SI-25873,23/11/2024,Noor,noor579@gmail.com,Mardan,Khyber Pakhtunkhwa
SI-26028,20/02/2024,Laiba,laiba749@gmail.com,Quetta,Balochistan
SI-25964,20/01/2024,Alina,alina182@gmail.com,Umar kot,Sindh
SI-25676,01/06/2024,Mehwish,mehwish1940@gmail.com,Ziarat,Balochistan
SI-25839,30/10/2024,Sehrish,sehrish1406@gmail.com,Attock,Panjab
SI-25894,04/12/2024,Nazia,nazia875@gmail.com,Pishin,Balochistan
SI-25925,29/12/2024,Saima,saima1787@gmail.com,Faisalabad,Panjab
SI-25953,14/01/2024,Shazia,shazia1919@gmail.com,Faisalabad,Panjab
SI-25772,02/09/2024,Samina,samina1874@gmail.com,Ziarat,Balochistan
SI-25957,18/01/2024,Kiran,kiran592@gmail.com,Swat,Khyber Pakhtunkhwa
SI-25730,22/07/2024,Mahnoor,mahnoor2136@gmail.com,Peshawar,Khyber Pakhtunkhwa
SI-25877,24/11/2024,Dua,dua907@gmail.com,Umar kot,Sindh
SI-26067,16/03/2024,Areeba,areeba315@gmail.com,Mardan,Khyber Pakhtunkhwa
SI-25810,10/10/2024,Komal,komal1922@gmail.com,Jhang,Panjab
SI-25868,18/11/2024,Sidra,sidra2252@gmail.com,Umar kot,Sindh
SI-26023,19/02/2024,Beenish,beenish2502@gmail.com,Mardan,Khyber Pakhtunkhwa
SI-25626,23/04/2024,Aleena,aleena1115@gmail.com,Mardan,Khyber Pakhtunkhwa
SI-25937,05/01/2024,Mahira,mahira504@gmail.com,Mianwali,Panjab
SI-25610,09/04/2024,Anam,anam253@gmail.com,Ziarat,Balochistan
SI-25777,10/09/2024,Hira,hira725@gmail.com,Faisalabad,Panjab
SI-25738,02/08/2024,Amna,amna1584@gmail.com,Faisalabad,Panjab
SI-25978,27/01/2024,Mariam,mariam2406@gmail.com,Peshawar,Khyber Pakhtunkhwa
SI-25643,29/04/2024,Tayyaba,tayyaba1194@gmail.com,Ziarat,Balochistan
SI-25728,22/07/2024,Aiman,aiman2030@gmail.com,Peshawar,Khyber Pakhtunkhwa
SI-25749,13/08/2024,Huma,huma470@gmail.com,Multan,Panjab
SI-25667,23/05/2024,Farah,farah976@gmail.com,Swat,Khyber Pakhtunkhwa
SI-25657,13/05/2024,Fariha,fariha877@gmail.com,Quetta,Balochistan
SI-25753,17/08/2024,Saba,saba2193@gmail.com,Swat,Khyber Pakhtunkhwa
SI-26061,14/03/2024,Sehar,sehar1288@gmail.com,Ziarat,Balochistan
SI-25838,29/10/2024,Uzma,uzma1133@gmail.com,Peshawar,Khyber Pakhtunkhwa
SI-25702,27/06/2024,Shaista,shaista575@gmail.com,Quetta,Balochistan
SI-25952,13/01/2024,Fiza,fiza32@gmail.com,Lahore,Panjab
SI-25666,22/05/2024,Bushra,bushra1157@gmail.com,Karachi,Sindh
SI-25675,31/05/2024,Kinza,kinza1955@gmail.com,Multan,Panjab
SI-25650,06/05/2024,Ramsha,ramsha443@gmail.com,Quetta,Balochistan
SI-25986,31/01/2024,Sonia,sonia1606@gmail.com,Nowshera,Khyber Pakhtunkhwa
SI-25850,05/11/2024,Nadia,nadia1609@gmail.com,Pishin,Balochistan
SI-25898,07/12/2024,Nida,nida1418@gmail.com,Attock,Panjab
SI-25813,10/10/2024,Abdullah,abdullah1303@gmail.com,Karachi,Sindh
SI-25825,21/10/2024,Muhammad,muhammad2428@gmail.com,Lahore,Panjab
SI-25954,14/01/2024,Ahmed,ahmed2160@gmail.com,Nowshera,Khyber Pakhtunkhwa
SI-25696,21/06/2024,Ali,ali627@gmail.com,Multan,Panjab
SI-25638,26/04/2024,Hassan,hassan1543@gmail.com,Mardan,Khyber Pakhtunkhwa
SI-25747,11/08/2024,Hussain,hussain1700@gmail.com,Lahore,Panjab
SI-25904,10/12/2024,Umar,umar1371@gmail.com,Quetta,Balochistan
SI-25852,07/11/2024,Usman,usman560@gmail.com,Mardan,Khyber Pakhtunkhwa
SI-25981,28/01/2024,Abu Bakar,abu bakar385@gmail.com,Quetta,Balochistan
SI-25899,08/12/2024,Khalid,khalid1298@gmail.com,Mianwali,Panjab
SI-25870,20/11/2024,Hamza,hamza1110@gmail.com,Mianwali,Panjab
SI-26040,26/02/2024,Saad,saad838@gmail.com,Nowshera,Khyber Pakhtunkhwa
SI-25671,27/05/2024,Salman,salman2401@gmail.com,Nowshera,Khyber Pakhtunkhwa
SI-26100,31/03/2024,Bilal,bilal1524@gmail.com,Karachi,Sindh
SI-25651,07/05/2024,Zubair,zubair1348@gmail.com,Multan,Panjab
SI-25968,21/01/2024,Talha,talha2549@gmail.com,Faisalabad,Panjab
SI-26019,15/02/2024,Anas,anas2047@gmail.com,Lahore,Panjab
SI-25664,20/05/2024,Imran,imran2109@gmail.com,Peshawar,Khyber Pakhtunkhwa
SI-26033,22/02/2024,Yousaf,yousaf862@gmail.com,Multan,Panjab
SI-26052,08/03/2024,Ibrahim,ibrahim1852@gmail.com,Swat,Khyber Pakhtunkhwa
SI-25999,05/02/2024,Ismail,ismail2228@gmail.com,Quetta,Balochistan
SI-25781,14/09/2024,Ishaq,ishaq1806@gmail.com,Karachi,Sindh
SI-25764,28/08/2024,Dawood,dawood234@gmail.com,Multan,Panjab
SI-25803,05/10/2024,Musa,musa2504@gmail.com,Multan,Panjab
SI-25945,11/01/2024,Haroon,haroon2108@gmail.com,Ziarat,Balochistan
SI-26086,26/03/2024,Yunus,yunus347@gmail.com,Faisalabad,Panjab
SI-25845,03/11/2024,Zakariya,zakariya2015@gmail.com,Multan,Panjab
SI-25817,13/10/2024,Ilyas,ilyas644@gmail.com,Lahore,Panjab
SI-25951,13/01/2024,Yahya,yahya39@gmail.com,Swat,Khyber Pakhtunkhwa
SI-25970,22/01/2024,Shoaib,shoaib1901@gmail.com,Karachi,Sindh
SI-25878,24/11/2024,Ahsan,ahsan1284@gmail.com,Swat,Khyber Pakhtunkhwa
SI-26057,10/03/2024,Noman,noman510@gmail.com,Karachi,Sindh
SI-25885,28/11/2024,Shahid,shahid528@gmail.com,Multan,Panjab
SI-25897,06/12/2024,Junaid,junaid951@gmail.com,Swat,Khyber Pakhtunkhwa
SI-25756,20/08/2024,Shahrukh,shahrukh1776@gmail.com,Quetta,Balochistan
SI-25859,14/11/2024,Faisal,faisal947@gmail.com,Quetta,Balochistan
SI-25691,16/06/2024,Kamran,kamran2404@gmail.com,Faisalabad,Panjab
SI-25633,26/04/2024,Kashif,kashif602@gmail.com,Pishin,Balochistan
SI-25708,01/07/2024,Zeeshan,zeeshan809@gmail.com,Attock,Panjab
SI-25831,27/10/2024,Farhan,farhan2468@gmail.com,Karachi,Sindh
SI-25856,10/11/2024,Danish,danish1346@gmail.com,Umar kot,Sindh
SI-25893,04/12/2024,Adeel,adeel345@gmail.com,Karachi,Sindh
SI-25959,18/01/2024,Arsalan,arsalan442@gmail.com,Pishin,Balochistan
SI-26000,06/02/2024,Fahad,fahad1309@gmail.com,Jhang,Panjab
SI-26097,28/03/2024,Naveed,naveed1077@gmail.com,Mardan,Khyber Pakhtunkhwa
SI-25745,09/08/2024,Khalil,khalil2161@gmail.com,Nowshera,Khyber Pakhtunkhwa
SI-25974,25/01/2024,Azhar,azhar2195@gmail.com,Quetta,Balochistan
SI-25670,25/05/2024,Sarfaraz,sarfaraz2096@gmail.com,Lahore,Panjab
SI-25848,03/11/2024,Shahbaz,shahbaz1486@gmail.com,Karachi,Sindh
SI-25888,02/12/2024,Rizwan,rizwan2281@gmail.com,Quetta,Balochistan
SI-25942,08/01/2024,Ayesha,ayesha1683@gmail.com,Mardan,Khyber Pakhtunkhwa
SI-25847,03/11/2024,Fatima,fatima778@gmail.com,Lahore,Panjab
SI-25636,26/04/2024,Khadija,khadija741@gmail.com,Faisalabad,Panjab
SI-25826,22/10/2024,Zainab,zainab2237@gmail.com,Mardan,Khyber Pakhtunkhwa
SI-26081,22/03/2024,Hafsa,hafsa398@gmail.com,Ziarat,Balochistan
SI-25625,23/04/2024,Maryam,maryam320@gmail.com,Quetta,Balochistan
SI-25802,05/10/2024,Asma,asma2161@gmail.com,Pishin,Balochistan
SI-25693,18/06/2024,Sara,sara1219@gmail.com,Lahore,Panjab
SI-25796,24/09/2024,Hina,hina988@gmail.com,Umar kot,Sindh
SI-25806,06/10/2024,Sana,sana1145@gmail.com,Nowshera,Khyber Pakhtunkhwa
SI-25710,05/07/2024,Iqra,iqra152@gmail.com,Nowshera,Khyber Pakhtunkhwa
SI-25669,25/05/2024,Rabia,rabia501@gmail.com,Pishin,Balochistan
SI-25857,10/11/2024,Noor,noor1320@gmail.com,Umar kot,Sindh
SI-25785,15/09/2024,Laiba,laiba1610@gmail.com,Lahore,Panjab
SI-25930,03/01/2024,Alina,alina1931@gmail.com,Nowshera,Khyber Pakhtunkhwa
SI-26053,09/03/2024,Mehwish,mehwish2177@gmail.com,Mianwali,Panjab
SI-26070,18/03/2024,Sehrish,sehrish1274@gmail.com,Peshawar,Khyber Pakhtunkhwa
SI-25791,24/09/2024,Nazia,nazia641@gmail.com,Pishin,Balochistan
SI-25983,30/01/2024,Saima,saima2218@gmail.com,Quetta,Balochistan
SI-25979,27/01/2024,Shazia,shazia1198@gmail.com,Peshawar,Khyber Pakhtunkhwa
SI-26054,10/03/2024,Samina,samina1016@gmail.com,Karachi,Sindh
SI-26078,22/03/2024,Kiran,kiran629@gmail.com,Peshawar,Khyber Pakhtunkhwa
SI-25787,20/09/2024,Mahnoor,mahnoor2110@gmail.com,Quetta,Balochistan
SI-25682,07/06/2024,Dua,dua1708@gmail.com,Ziarat,Balochistan
SI-25962,19/01/2024,Areeba,areeba408@gmail.com,Umar kot,Sindh
SI-25750,14/08/2024,Komal,komal430@gmail.com,Pishin,Balochistan
SI-25828,24/10/2024,Sidra,sidra2430@gmail.com,Mardan,Khyber Pakhtunkhwa
SI-25622,22/04/2024,Beenish,beenish2550@gmail.com,Umar kot,Sindh
SI-25751,14/08/2024,Aleena,aleena468@gmail.com,Nowshera,Khyber Pakhtunkhwa
SI-25685,10/06/2024,Mahira,mahira691@gmail.com,Lahore,Panjab
SI-26010,11/02/2024,Anam,anam1414@gmail.com,Jhang,Panjab
SI-26035,23/02/2024,Hira,hira1638@gmail.com,Attock,Panjab
SI-25698,23/06/2024,Amna,amna1397@gmail.com,Faisalabad,Panjab
SI-25966,21/01/2024,Mariam,mariam2322@gmail.com,Lahore,Panjab
SI-25832,28/10/2024,Tayyaba,tayyaba2375@gmail.com,Ziarat,Balochistan
SI-25743,07/08/2024,Aiman,aiman1114@gmail.com,Peshawar,Khyber Pakhtunkhwa
SI-25886,28/11/2024,Huma,huma1479@gmail.com,Ziarat,Balochistan
SI-25975,25/01/2024,Farah,farah733@gmail.com,Umar kot,Sindh
SI-26098,29/03/2024,Fariha,fariha327@gmail.com,Peshawar,Khyber Pakhtunkhwa
SI-25614,13/04/2024,Saba,saba338@gmail.com,Swat,Khyber Pakhtunkhwa
SI-25726,21/07/2024,Sehar,sehar2032@gmail.com,Pishin,Balochistan
SI-26050,06/03/2024,Uzma,uzma216@gmail.com,Nowshera,Khyber Pakhtunkhwa
SI-25609,09/04/2024,Shaista,shaista1355@gmail.com,Karachi,Sindh
SI-25741,03/08/2024,Fiza,fiza976@gmail.com,Mianwali,Panjab
SI-25956,17/01/2024,Bushra,bushra488@gmail.com,Attock,Panjab
SI-25689,14/06/2024,Kinza,kinza1880@gmail.com,Pishin,Balochistan
SI-25939,05/01/2024,Ramsha,ramsha1588@gmail.com,Multan,Panjab
SI-25890,04/12/2024,Sonia,sonia844@gmail.com,Pishin,Balochistan
SI-25814,10/10/2024,Nadia,nadia621@gmail.com,Faisalabad,Panjab
SI-25718,12/07/2024,Nida,nida809@gmail.com,Quetta,Balochistan
SI-25914,18/12/2024,Abdullah,abdullah176@gmail.com,Attock,Panjab
SI-25903,10/12/2024,Muhammad,muhammad1245@gmail.com,Mardan,Khyber Pakhtunkhwa
SI-26096,28/03/2024,Ahmed,ahmed2530@gmail.com,Nowshera,Khyber Pakhtunkhwa
SI-25654,10/05/2024,Ali,ali2291@gmail.com,Multan,Panjab
SI-26076,21/03/2024,Hassan,hassan2462@gmail.com,Peshawar,Khyber Pakhtunkhwa
SI-25961,18/01/2024,Hussain,hussain1531@gmail.com,Lahore,Panjab
SI-25854,08/11/2024,Umar,umar1994@gmail.com,Karachi,Sindh
SI-25642,28/04/2024,Usman,usman2359@gmail.com,Pishin,Balochistan
SI-25683,08/06/2024,Abu Bakar,abu bakar1730@gmail.com,Attock,Panjab
SI-26016,14/02/2024,Khalid,khalid66@gmail.com,Jhang,Panjab
SI-26034,23/02/2024,Hamza,hamza1416@gmail.com,Umar kot,Sindh
SI-26056,10/03/2024,Saad,saad1125@gmail.com,Ziarat,Balochistan
SI-25819,15/10/2024,Salman,salman1013@gmail.com,Nowshera,Khyber Pakhtunkhwa
SI-25715,10/07/2024,Bilal,bilal1525@gmail.com,Swat,Khyber Pakhtunkhwa
SI-25933,04/01/2024,Zubair,zubair942@gmail.com,Quetta,Balochistan
SI-26014,13/02/2024,Talha,talha962@gmail.com,Umar kot,Sindh
SI-25655,11/05/2024,Anas,anas2259@gmail.com,Peshawar,Khyber Pakhtunkhwa
SI-25816,12/10/2024,Imran,imran758@gmail.com,Swat,Khyber Pakhtunkhwa
SI-25634,26/04/2024,Yousaf,yousaf1844@gmail.com,Swat,Khyber Pakhtunkhwa
SI-25895,04/12/2024,Ibrahim,ibrahim1466@gmail.com,Mardan,Khyber Pakhtunkhwa
SI-25687,11/06/2024,Ismail,ismail406@gmail.com,Peshawar,Khyber Pakhtunkhwa
SI-25662,17/05/2024,Ishaq,ishaq1516@gmail.com,Mardan,Khyber Pakhtunkhwa
SI-25635,26/04/2024,Dawood,dawood1180@gmail.com,Attock,Panjab
SI-26060,13/03/2024,Musa,musa2229@gmail.com,Swat,Khyber Pakhtunkhwa
SI-26045,03/03/2024,Haroon,haroon534@gmail.com,Attock,Panjab
SI-25770,02/09/2024,Yunus,yunus1878@gmail.com,Ziarat,Balochistan
SI-25744,08/08/2024,Zakariya,zakariya472@gmail.com,Ziarat,Balochistan
SI-25618,18/04/2024,Ilyas,ilyas895@gmail.com,Ziarat,Balochistan
SI-25958,18/01/2024,Yahya,yahya2343@gmail.com,Umar kot,Sindh
SI-25769,02/09/2024,Shoaib,shoaib954@gmail.com,Attock,Panjab
SI-25619,18/04/2024,Ahsan,ahsan1562@gmail.com,Attock,Panjab
SI-25688,11/06/2024,Noman,noman189@gmail.com,Swat,Khyber Pakhtunkhwa
SI-25829,25/10/2024,Shahid,shahid298@gmail.com,Nowshera,Khyber Pakhtunkhwa
SI-26036,23/02/2024,Junaid,junaid2405@gmail.com,Umar kot,Sindh
SI-25714,09/07/2024,Shahrukh,shahrukh2301@gmail.com,Swat,Khyber Pakhtunkhwa
SI-25989,01/02/2024,Faisal,faisal726@gmail.com,Swat,Khyber Pakhtunkhwa
SI-25849,04/11/2024,Kamran,kamran2096@gmail.com,Ziarat,Balochistan
SI-25851,06/11/2024,Kashif,kashif2109@gmail.com,Lahore,Panjab
SI-25782,15/09/2024,Zeeshan,zeeshan1488@gmail.com,Pishin,Balochistan
SI-25621,20/04/2024,Farhan,farhan582@gmail.com,Multan,Panjab
SI-25996,04/02/2024,Danish,danish707@gmail.com,Karachi,Sindh
SI-25678,03/06/2024,Adeel,adeel742@gmail.com,Umar kot,Sindh
SI-25727,22/07/2024,Arsalan,arsalan1002@gmail.com,Karachi,Sindh
SI-26018,14/02/2024,Fahad,fahad837@gmail.com,Attock,Panjab
SI-25760,24/08/2024,Naveed,naveed2150@gmail.com,Jhang,Panjab
SI-25804,05/10/2024,Khalil,khalil2478@gmail.com,Mardan,Khyber Pakhtunkhwa
SI-25754,18/08/2024,Azhar,azhar1248@gmail.com,Quetta,Balochistan
SI-26020,16/02/2024,Sarfaraz,sarfaraz1382@gmail.com,Faisalabad,Panjab
SI-25640,27/04/2024,Shahbaz,shahbaz1794@gmail.com,Pishin,Balochistan
SI-25789,22/09/2024,Rizwan,rizwan1166@gmail.com,Faisalabad,Panjab
SI-26072,20/03/2024,Ayesha,ayesha1001@gmail.com,Jhang,Panjab
SI-26007,09/02/2024,Fatima,fatima325@gmail.com,Peshawar,Khyber Pakhtunkhwa
SI-26087,26/03/2024,Khadija,khadija852@gmail.com,Mianwali,Panjab
SI-25617,17/04/2024,Zainab,zainab565@gmail.com,Swat,Khyber Pakhtunkhwa
SI-25984,30/01/2024,Hafsa,hafsa2505@gmail.com,Peshawar,Khyber Pakhtunkhwa
SI-25767,31/08/2024,Maryam,maryam1259@gmail.com,Mardan,Khyber Pakhtunkhwa
SI-25987,31/01/2024,Asma,asma2383@gmail.com,Multan,Panjab
SI-25840,31/10/2024,Sara,sara1670@gmail.com,Swat,Khyber Pakhtunkhwa
SI-25663,19/05/2024,Hina,hina982@gmail.com,Lahore,Panjab
SI-26030,21/02/2024,Sana,sana1193@gmail.com,Pishin,Balochistan
SI-25947,13/01/2024,Iqra,iqra2155@gmail.com,Jhang,Panjab
SI-25896,05/12/2024,Rabia,rabia2018@gmail.com,Nowshera,Khyber Pakhtunkhwa
SI-26009,10/02/2024,Noor,noor763@gmail.com,Umar kot,Sindh
SI-25876,24/11/2024,Laiba,laiba779@gmail.com,Faisalabad,Panjab
SI-25915,19/12/2024,Alina,alina2402@gmail.com,Ziarat,Balochistan
SI-25795,24/09/2024,Mehwish,mehwish1005@gmail.com,Swat,Khyber Pakhtunkhwa
SI-26002,08/02/2024,Sehrish,sehrish2221@gmail.com,Multan,Panjab
SI-25645,01/05/2024,Nazia,nazia1847@gmail.com,Mardan,Khyber Pakhtunkhwa
SI-25837,29/10/2024,Saima,saima956@gmail.com,Jhang,Panjab
SI-25612,12/04/2024,Shazia,shazia1199@gmail.com,Multan,Panjab
SI-25812,10/10/2024,Samina,samina2153@gmail.com,Attock,Panjab
SI-25843,03/11/2024,Kiran,kiran2477@gmail.com,Jhang,Panjab
SI-26026,19/02/2024,Mahnoor,mahnoor2483@gmail.com,Pishin,Balochistan
SI-25773,06/09/2024,Dua,dua1977@gmail.com,Attock,Panjab
SI-25875,24/11/2024,Areeba,areeba1298@gmail.com,Mianwali,Panjab
SI-25660,16/05/2024,Komal,komal737@gmail.com,Quetta,Balochistan
SI-25918,22/12/2024,Sidra,sidra1407@gmail.com,Pishin,Balochistan
SI-25971,22/01/2024,Beenish,beenish438@gmail.com,Lahore,Panjab
SI-26063,15/03/2024,Aleena,aleena149@gmail.com,Pishin,Balochistan
SI-25867,17/11/2024,Mahira,mahira75@gmail.com,Quetta,Balochistan
SI-25703,28/06/2024,Anam,anam1083@gmail.com,Mianwali,Panjab
SI-25661,17/05/2024,Hira,hira1067@gmail.com,Swat,Khyber Pakhtunkhwa
SI-25748,12/08/2024,Amna,amna2246@gmail.com,Pishin,Balochistan
SI-25766,30/08/2024,Mariam,mariam1986@gmail.com,Pishin,Balochistan
SI-25861,15/11/2024,Tayyaba,tayyaba2164@gmail.com,Umar kot,Sindh
SI-26058,11/03/2024,Aiman,aiman2030@gmail.com,Peshawar,Khyber Pakhtunkhwa
SI-25808,08/10/2024,Huma,huma1585@gmail.com,Attock,Panjab
SI-25900,09/12/2024,Farah,farah2479@gmail.com,Mianwali,Panjab
SI-26084,25/03/2024,Fariha,fariha31@gmail.com,Jhang,Panjab
SI-25652,08/05/2024,Saba,saba764@gmail.com,Ziarat,Balochistan
SI-26008,09/02/2024,Sehar,sehar1224@gmail.com,Umar kot,Sindh
SI-25799,01/10/2024,Uzma,uzma293@gmail.com,Pishin,Balochistan
SI-25927,31/12/2024,Shaista,shaista1268@gmail.com,Umar kot,Sindh
SI-25985,31/01/2024,Fiza,fiza658@gmail.com,Jhang,Panjab
SI-25994,03/02/2024,Bushra,bushra399@gmail.com,Attock,Panjab
SI-25620,20/04/2024,Kinza,kinza496@gmail.com,Jhang,Panjab
SI-25712,07/07/2024,Ramsha,ramsha876@gmail.com,Lahore,Panjab
SI-25976,25/01/2024,Sonia,sonia1288@gmail.com,Ziarat,Balochistan
SI-26068,16/03/2024,Nadia,nadia1902@gmail.com,Faisalabad,Panjab
SI-25721,16/07/2024,Nida,nida611@gmail.com,Karachi,Sindh
SI-25863,15/11/2024,Abdullah,abdullah51@gmail.com,Pishin,Balochistan
SI-25991,03/02/2024,Muhammad,muhammad82@gmail.com,Ziarat,Balochistan
SI-25737,01/08/2024,Ahmed,ahmed2320@gmail.com,Karachi,Sindh
SI-26043,01/03/2024,Ali,ali765@gmail.com,Nowshera,Khyber Pakhtunkhwa
SI-25977,27/01/2024,Hassan,hassan959@gmail.com,Peshawar,Khyber Pakhtunkhwa
SI-25908,12/12/2024,Hussain,hussain839@gmail.com,Ziarat,Balochistan
SI-25941,07/01/2024,Umar,umar103@gmail.com,Mardan,Khyber Pakhtunkhwa
SI-25794,24/09/2024,Usman,usman849@gmail.com,Swat,Khyber Pakhtunkhwa
SI-26041,27/02/2024,Abu Bakar,abu bakar1377@gmail.com,Lahore,Panjab
SI-25695,18/06/2024,Khalid,khalid403@gmail.com,Ziarat,Balochistan
SI-25960,18/01/2024,Hamza,hamza182@gmail.com,Mianwali,Panjab
SI-26037,23/02/2024,Saad,saad2175@gmail.com,Lahore,Panjab
SI-25921,25/12/2024,Salman,salman634@gmail.com,Quetta,Balochistan
SI-25944,10/01/2024,Bilal,bilal1216@gmail.com,Karachi,Sindh
SI-25724,19/07/2024,Zubair,zubair902@gmail.com,Swat,Khyber Pakhtunkhwa
SI-26024,19/02/2024,Talha,talha2063@gmail.com,Peshawar,Khyber Pakhtunkhwa
SI-25694,18/06/2024,Anas,anas237@gmail.com,Peshawar,Khyber Pakhtunkhwa
SI-25665,21/05/2024,Imran,imran2128@gmail.com,Jhang,Panjab
SI-26004,08/02/2024,Yousaf,yousaf1824@gmail.com,Quetta,Balochistan
SI-25611,11/04/2024,Ibrahim,ibrahim576@gmail.com,Peshawar,Khyber Pakhtunkhwa
SI-25901,10/12/2024,Ismail,ismail473@gmail.com,Umar kot,Sindh
SI-25623,22/04/2024,Ishaq,ishaq2328@gmail.com,Peshawar,Khyber Pakhtunkhwa
SI-25713,08/07/2024,Dawood,dawood2374@gmail.com,Quetta,Balochistan
SI-26091,27/03/2024,Musa,musa465@gmail.com,Faisalabad,Panjab
SI-25604,03/04/2024,Haroon,haroon1906@gmail.com,Lahore,Panjab
SI-25827,23/10/2024,Yunus,yunus509@gmail.com,Umar kot,Sindh
SI-25835,29/10/2024,Zakariya,zakariya1426@gmail.com,Umar kot,Sindh
SI-26025,19/02/2024,Ilyas,ilyas718@gmail.com,Multan,Panjab
SI-25809,09/10/2024,Yahya,yahya961@gmail.com,Multan,Panjab
SI-25905,11/12/2024,Shoaib,shoaib2375@gmail.com,Multan,Panjab
SI-25948,13/01/2024,Ahsan,ahsan1814@gmail.com,Lahore,Panjab
SI-26094,27/03/2024,Noman,noman320@gmail.com,Nowshera,Khyber Pakhtunkhwa
SI-25949,13/01/2024,Shahid,shahid342@gmail.com,Ziarat,Balochistan
SI-26001,07/02/2024,Junaid,junaid1807@gmail.com,Attock,Panjab
SI-25771,02/09/2024,Shahrukh,shahrukh2299@gmail.com,Jhang,Panjab
SI-25659,15/05/2024,Faisal,faisal2200@gmail.com,Mianwali,Panjab
SI-25924,28/12/2024,Kamran,kamran357@gmail.com,Karachi,Sindh
SI-25883,27/11/2024,Kashif,kashif19@gmail.com,Jhang,Panjab
SI-25946,12/01/2024,Zeeshan,zeeshan2336@gmail.com,Ziarat,Balochistan
SI-26065,16/03/2024,Farhan,farhan1112@gmail.com,Umar kot,Sindh
SI-26083,24/03/2024,Danish,danish1222@gmail.com,Mianwali,Panjab
SI-25725,20/07/2024,Adeel,adeel824@gmail.com,Lahore,Panjab
SI-25630,24/04/2024,Arsalan,arsalan1152@gmail.com,Mardan,Khyber Pakhtunkhwa
SI-25673,28/05/2024,Fahad,fahad83@gmail.com,Umar kot,Sindh
SI-25692,17/06/2024,Naveed,naveed1749@gmail.com,Faisalabad,Panjab
SI-25992,03/02/2024,Khalil,khalil1313@gmail.com,Quetta,Balochistan
SI-25765,29/08/2024,Azhar,azhar1444@gmail.com,Umar kot,Sindh
SI-25892,04/12/2024,Sarfaraz,sarfaraz2103@gmail.com,Multan,Panjab
SI-26089,26/03/2024,Shahbaz,shahbaz1059@gmail.com,Ziarat,Balochistan
SI-25780,13/09/2024,Rizwan,rizwan1701@gmail.com,Mardan,Khyber Pakhtunkhwa
SI-25684,09/06/2024,Ayesha,ayesha2459@gmail.com,Karachi,Sindh
SI-25739,03/08/2024,Fatima,fatima162@gmail.com,Lahore,Panjab
SI-25731,26/07/2024,Khadija,khadija410@gmail.com,Ziarat,Balochistan
SI-25648,04/05/2024,Zainab,zainab1908@gmail.com,Nowshera,Khyber Pakhtunkhwa
SI-26038,24/02/2024,Hafsa,hafsa1687@gmail.com,Lahore,Panjab
SI-25700,25/06/2024,Maryam,maryam2302@gmail.com,Ziarat,Balochistan
SI-26015,14/02/2024,Asma,asma705@gmail.com,Pishin,Balochistan
SI-25704,29/06/2024,Sara,sara234@gmail.com,Jhang,Panjab
SI-25811,10/10/2024,Hina,hina30@gmail.com,Nowshera,Khyber Pakhtunkhwa
SI-25821,16/10/2024,Sana,sana753@gmail.com,Jhang,Panjab
SI-25874,24/11/2024,Iqra,iqra832@gmail.com,Umar kot,Sindh
SI-25668,24/05/2024,Rabia,rabia1460@gmail.com,Mianwali,Panjab
SI-25800,01/10/2024,Noor,noor2092@gmail.com,Lahore,Panjab
SI-25928,01/01/2024,Laiba,laiba374@gmail.com,Nowshera,Khyber Pakhtunkhwa
SI-26021,17/02/2024,Alina,alina1791@gmail.com,Pishin,Balochistan
SI-26064,16/03/2024,Mehwish,mehwish279@gmail.com,Jhang,Panjab
SI-25882,26/11/2024,Sehrish,sehrish2150@gmail.com,Mianwali,Panjab
SI-25891,04/12/2024,Nazia,nazia1596@gmail.com,Ziarat,Balochistan
SI-25820,16/10/2024,Saima,saima408@gmail.com,Mianwali,Panjab
SI-25889,03/12/2024,Shazia,shazia1247@gmail.com,Mianwali,Panjab
SI-25871,21/11/2024,Samina,samina1756@gmail.com,Lahore,Panjab
SI-25637,26/04/2024,Kiran,kiran2234@gmail.com,Swat,Khyber Pakhtunkhwa
SI-25616,15/04/2024,Mahnoor,mahnoor296@gmail.com,Karachi,Sindh
SI-25972,23/01/2024,Dua,dua1496@gmail.com,Quetta,Balochistan
SI-25805,05/10/2024,Areeba,areeba1070@gmail.com,Pishin,Balochistan
SI-25860,15/11/2024,Komal,komal1428@gmail.com,Nowshera,Khyber Pakhtunkhwa
SI-26080,22/03/2024,Sidra,sidra728@gmail.com,Karachi,Sindh
SI-25807,07/10/2024,Beenish,beenish2276@gmail.com,Lahore,Panjab
SI-25734,29/07/2024,Aleena,aleena1137@gmail.com,Faisalabad,Panjab
SI-25880,24/11/2024,Mahira,mahira2440@gmail.com,Swat,Khyber Pakhtunkhwa
SI-25934,04/01/2024,Anam,anam1066@gmail.com,Faisalabad,Panjab
SI-25913,17/12/2024,Hira,hira1377@gmail.com,Karachi,Sindh
SI-25912,16/12/2024,Amna,amna823@gmail.com,Pishin,Balochistan
SI-25824,20/10/2024,Mariam,mariam658@gmail.com,Karachi,Sindh
SI-25711,06/07/2024,Tayyaba,tayyaba159@gmail.com,Multan,Panjab
SI-25864,15/11/2024,Aiman,aiman838@gmail.com,Mianwali,Panjab
SI-25917,21/12/2024,Huma,huma1485@gmail.com,Quetta,Balochistan
SI-26049,05/03/2024,Farah,farah2047@gmail.com,Mardan,Khyber Pakhtunkhwa
SI-25920,24/12/2024,Fariha,fariha1956@gmail.com,Lahore,Panjab
SI-25699,24/06/2024,Saba,saba2199@gmail.com,Attock,Panjab
SI-25735,30/07/2024,Sehar,sehar1796@gmail.com,Swat,Khyber Pakhtunkhwa
SI-25701,26/06/2024,Uzma,uzma747@gmail.com,Faisalabad,Panjab
SI-26092,27/03/2024,Shaista,shaista1392@gmail.com,Swat,Khyber Pakhtunkhwa
SI-26082,23/03/2024,Fiza,fiza948@gmail.com,Lahore,Panjab
SI-25818,14/10/2024,Bushra,bushra1158@gmail.com,Peshawar,Khyber Pakhtunkhwa
SI-25846,03/11/2024,Kinza,kinza478@gmail.com,Pishin,Balochistan
SI-26011,12/02/2024,Ramsha,ramsha1086@gmail.com,Mardan,Khyber Pakhtunkhwa
SI-25631,24/04/2024,Sonia,sonia1298@gmail.com,Jhang,Panjab
SI-25606,06/04/2024,Nadia,nadia779@gmail.com,Nowshera,Khyber Pakhtunkhwa
SI-25746,10/08/2024,Nida,nida1203@gmail.com,Attock,Panjab
SI-26005,08/02/2024,Abdullah,abdullah104@gmail.com,Lahore,Panjab
SI-25844,03/11/2024,Muhammad,muhammad1638@gmail.com,Jhang,Panjab
SI-25869,19/11/2024,Ahmed,ahmed2308@gmail.com,Attock,Panjab
SI-26066,16/03/2024,Ali,ali180@gmail.com,Peshawar,Khyber Pakhtunkhwa
SI-25865,15/11/2024,Hassan,hassan2138@gmail.com,Quetta,Balochistan
SI-26039,25/02/2024,Hussain,hussain1363@gmail.com,Faisalabad,Panjab
SI-25916,20/12/2024,Umar,umar1729@gmail.com,Lahore,Panjab
SI-26090,27/03/2024,Usman,usman2270@gmail.com,Mianwali,Panjab
SI-25988,31/01/2024,Abu Bakar,abu bakar136@gmail.com,Karachi,Sindh
SI-25906,11/12/2024,Khalid,khalid629@gmail.com,Faisalabad,Panjab
SI-26017,14/02/2024,Hamza,hamza2237@gmail.com,Quetta,Balochistan
SI-25644,30/04/2024,Saad,saad866@gmail.com,Peshawar,Khyber Pakhtunkhwa
SI-25679,04/06/2024,Salman,salman466@gmail.com,Multan,Panjab
SI-25723,18/07/2024,Bilal,bilal1965@gmail.com,Umar kot,Sindh
SI-25605,05/04/2024,Zubair,zubair2094@gmail.com,Pishin,Balochistan
SI-25792,24/09/2024,Talha,talha680@gmail.com,Nowshera,Khyber Pakhtunkhwa
SI-25680,04/06/2024,Anas,anas2508@gmail.com,Nowshera,Khyber Pakhtunkhwa
SI-25931,04/01/2024,Imran,imran827@gmail.com,Umar kot,Sindh
SI-25932,04/01/2024,Yousaf,yousaf24@gmail.com,Umar kot,Sindh
SI-25990,02/02/2024,Ibrahim,ibrahim1378@gmail.com,Ziarat,Balochistan
SI-25615,15/04/2024,Ismail,ismail75@gmail.com,Swat,Khyber Pakhtunkhwa
SI-26031,22/02/2024,Ishaq,ishaq2283@gmail.com,Swat,Khyber Pakhtunkhwa
SI-25801,01/10/2024,Dawood,dawood2356@gmail.com,Mianwali,Panjab
SI-25833,29/10/2024,Musa,musa608@gmail.com,Jhang,Panjab
SI-26077,22/03/2024,Haroon,haroon808@gmail.com,Mianwali,Panjab
SI-25936,05/01/2024,Yunus,yunus1073@gmail.com,Jhang,Panjab
SI-25938,05/01/2024,Zakariya,zakariya1191@gmail.com,Multan,Panjab
SI-25716,11/07/2024,Ilyas,ilyas1798@gmail.com,Jhang,Panjab
SI-25740,03/08/2024,Yahya,yahya1623@gmail.com,Faisalabad,Panjab
SI-25763,27/08/2024,Shoaib,shoaib311@gmail.com,Ziarat,Balochistan
SI-25872,22/11/2024,Ahsan,ahsan1416@gmail.com,Lahore,Panjab
SI-25879,24/11/2024,Noman,noman330@gmail.com,Multan,Panjab
SI-25926,30/12/2024,Shahid,shahid739@gmail.com,Nowshera,Khyber Pakhtunkhwa
SI-26074,21/03/2024,Junaid,junaid2526@gmail.com,Pishin,Balochistan
SI-25627,23/04/2024,Shahrukh,shahrukh564@gmail.com,Nowshera,Khyber Pakhtunkhwa
SI-25940,06/01/2024,Faisal,faisal832@gmail.com,Mardan,Khyber Pakhtunkhwa
SI-26047,04/03/2024,Kamran,kamran1977@gmail.com,Peshawar,Khyber Pakhtunkhwa
SI-26069,17/03/2024,Kashif,kashif707@gmail.com,Karachi,Sindh
SI-26027,20/02/2024,Zeeshan,zeeshan373@gmail.com,Faisalabad,Panjab
SI-25963,19/01/2024,Farhan,farhan1208@gmail.com,Swat,Khyber Pakhtunkhwa
SI-25922,26/12/2024,Danish,danish281@gmail.com,Attock,Panjab
SI-25866,16/11/2024,Adeel,adeel2377@gmail.com,Mardan,Khyber Pakhtunkhwa
SI-25607,06/04/2024,Arsalan,arsalan601@gmail.com,Lahore,Panjab
SI-25775,08/09/2024,Fahad,fahad1530@gmail.com,Ziarat,Balochistan
SI-25998,04/02/2024,Naveed,naveed499@gmail.com,Quetta,Balochistan
SI-26062,15/03/2024,Khalil,khalil11@gmail.com,Karachi,Sindh
SI-25722,17/07/2024,Azhar,azhar457@gmail.com,Pishin,Balochistan
SI-25776,09/09/2024,Sarfaraz,sarfaraz1207@gmail.com,Umar kot,Sindh
SI-26032,22/02/2024,Shahbaz,shahbaz703@gmail.com,Nowshera,Khyber Pakhtunkhwa
SI-25705,30/06/2024,Rizwan,rizwan196@gmail.com,Swat,Khyber Pakhtunkhwa
SI-25628,24/04/2024,Ayesha,ayesha1919@gmail.com,Lahore,Panjab
SI-25733,28/07/2024,Fatima,fatima1912@gmail.com,Attock,Panjab
SI-25647,03/05/2024,Khadija,khadija602@gmail.com,Ziarat,Balochistan
SI-25790,23/09/2024,Zainab,zainab927@gmail.com,Ziarat,Balochistan
SI-25709,01/07/2024,Hafsa,hafsa1333@gmail.com,Karachi,Sindh
SI-25911,15/12/2024,Maryam,maryam1222@gmail.com,Attock,Panjab
SI-25774,07/09/2024,Asma,asma217@gmail.com,Karachi,Sindh
SI-26042,28/02/2024,Sara,sara2468@gmail.com,Multan,Panjab
SI-25815,10/10/2024,Hina,hina2113@gmail.com,Faisalabad,Panjab
SI-25822,18/10/2024,Sana,sana1075@gmail.com,Multan,Panjab
SI-26075,21/03/2024,Iqra,iqra1185@gmail.com,Multan,Panjab
SI-25783,15/09/2024,Rabia,rabia1092@gmail.com,Umar kot,Sindh
SI-26046,04/03/2024,Noor,noor964@gmail.com,Faisalabad,Panjab
SI-25690,15/06/2024,Laiba,laiba983@gmail.com,Lahore,Panjab
SI-25706,01/07/2024,Alina,alina287@gmail.com,Mianwali,Panjab
SI-25736,31/07/2024,Mehwish,mehwish185@gmail.com,Attock,Panjab
SI-25720,15/07/2024,Sehrish,sehrish750@gmail.com,Mardan,Khyber Pakhtunkhwa
SI-25907,11/12/2024,Nazia,nazia483@gmail.com,Nowshera,Khyber Pakhtunkhwa
SI-25719,12/07/2024,Saima,saima2443@gmail.com,Nowshera,Khyber Pakhtunkhwa
SI-26013,13/02/2024,Shazia,shazia465@gmail.com,Quetta,Balochistan
SI-26044,02/03/2024,Samina,samina882@gmail.com,Mianwali,Panjab
SI-25649,05/05/2024,Kiran,kiran278@gmail.com,Nowshera,Khyber Pakhtunkhwa
SI-25658,14/05/2024,Mahnoor,mahnoor24@gmail.com,Attock,Panjab
SI-25672,28/05/2024,Dua,dua464@gmail.com,Lahore,Panjab
SI-25624,22/04/2024,Areeba,areeba1378@gmail.com,Ziarat,Balochistan
SI-25884,28/11/2024,Komal,komal1273@gmail.com,Jhang,Panjab
SI-25641,27/04/2024,Sidra,sidra2516@gmail.com,Swat,Khyber Pakhtunkhwa
SI-25841,01/11/2024,Beenish,beenish1337@gmail.com,Karachi,Sindh
SI-25980,27/01/2024,Aleena,aleena1112@gmail.com,Jhang,Panjab
SI-26012,13/02/2024,Mahira,mahira286@gmail.com,Mianwali,Panjab
SI-26029,20/02/2024,Anam,anam2290@gmail.com,Faisalabad,Panjab
SI-26071,19/03/2024,Hira,hira499@gmail.com,Umar kot,Sindh
SI-25646,01/05/2024,Amna,amna1813@gmail.com,Ziarat,Balochistan
SI-25677,02/06/2024,Mariam,mariam1236@gmail.com,Lahore,Panjab
SI-25759,23/08/2024,Tayyaba,tayyaba955@gmail.com,Multan,Panjab
SI-26059,12/03/2024,Aiman,aiman1880@gmail.com,Nowshera,Khyber Pakhtunkhwa
SI-25632,25/04/2024,Huma,huma1482@gmail.com,Jhang,Panjab
SI-26079,22/03/2024,Farah,farah2042@gmail.com,Lahore,Panjab
SI-25674,28/05/2024,Fariha,fariha2282@gmail.com,Mianwali,Panjab
SI-25965,21/01/2024,Saba,saba1088@gmail.com,Nowshera,Khyber Pakhtunkhwa
SI-25732,27/07/2024,Sehar,sehar1269@gmail.com,Nowshera,Khyber Pakhtunkhwa
SI-25834,29/10/2024,Uzma,uzma606@gmail.com,Lahore,Panjab
SI-25784,15/09/2024,Shaista,shaista2438@gmail.com,Multan,Panjab
SI-25982,29/01/2024,Fiza,fiza1887@gmail.com,Jhang,Panjab
SI-25788,21/09/2024,Bushra,bushra1997@gmail.com,Peshawar,Khyber Pakhtunkhwa
SI-25742,03/08/2024,Kinza,kinza854@gmail.com,Multan,Panjab
SI-26088,26/03/2024,Ramsha,ramsha1406@gmail.com,Mianwali,Panjab
SI-25707,01/07/2024,Sonia,sonia1075@gmail.com,Nowshera,Khyber Pakhtunkhwa
SI-25758,22/08/2024,Nadia,nadia653@gmail.com,Lahore,Panjab
SI-26095,28/03/2024,Nida,nida1482@gmail.com,Pishin,Balochistan
